name;keywords
.NET;apm, .net, language agent
.NET core;apm, .net
.NET MVC Web API;apm, .net
ActiveRecord;apm, ruby
Acts_as_solr;apm, ruby
Adobe CQ;cms, content management system
AIOHTTP;python, apm, http
Akka;apm, java
Algorithmia;mlops
Amazon Athena;aws, amazon web services, database
Amazon DocumentDB;aws, amazon web services, database
Amazon Linux;aws, amazon web services, os, operating system
Amazon MSK;aws, amazon web services, queue
AMQPlib;apm, python
Android;mobile, mobile agent
Anorm;apm, java
Ansible;automation, devops, sre
Apache;infrastructure, http, web, server
Apache HTTP client;http, java
Apache Zookeeper;infrastructure, database
ASP .NET MVC;apm, .net
ASP .NET Web forms;apm, .net
ASyncHTTPClient;apm, http, java
Authlogic;apm, ruby
AWS API Gateway;aws, amazon web services, api, networking
AWS AppSync;aws, amazon web services, api
AWS Auto Scaling;aws, amazon web services
AWS Billing;aws, amazon web services
AWS CloudFormation;aws, amazon web services, automation
AWS CloudFront;aws, amazon web services
AWS CloudTrail;aws, amazon web services, security
AWS Cloudwatch plugin for Logs;aws, amazon web services, logs, logging
AWS Cognito;aws, amazon web services
AWS Connect;aws, amazon web services
AWS Direct Connect;aws, amazon web services
AWS DynamoDB;aws, amazon web services, database
AWS EBS;aws, amazon web services, database, storage
AWS EC2;aws, amazon web services, database
AWS ECS ECR;aws, amazon web services, containers
AWS EFS;aws, amazon web services, storage
AWS Elastic Beanstalk;aws, amazon web services
AWS ElastiCache;aws, amazon web services, database
AWS Elasticsearch;aws, amazon web services
AWS ELB;aws, amazon web services, load balancer, networking
AWS Elemental MediaPackage VOD;aws, amazon web services, messaging
AWS EMR;aws, amazon web services
AWS FireLens plugin for Logs;aws, amazon web services, logs, logging
AWS FSx;aws, amazon web services
AWS Glue;aws, amazon web services
AWS Health;aws, amazon web services
AWS IAM;aws, amazon web services
AWS IoT;aws, amazon web services
AWS Kinesis Data Firehose;aws, amazon web services, logs, logging
AWS Kinesis Data Streams;aws, amazon web services, logs, logging
AWS Lambda;aws, amazon web services, serverless
AWS MQ;aws, amazon web services, messaging, queue
AWS NeptuneDB;aws, amazon web services, database
AWS NLB ALB;aws, amazon web services, networking
AWS Outposts;aws, amazon web services
AWS QLDB;aws, amazon web services, database
AWS RDS;aws, amazon web services, database
AWS RDS Enhanced;aws, amazon web services, database
AWS Redshift;aws, amazon web services, database
AWS Route 53;aws, amazon web services, networking
AWS Route53 Resolver;aws, amazon web services, networking
AWS S3;aws, amazon web services, storage, logs, logging
AWS SES;aws, amazon web services, messaging
AWS SNS;aws, amazon web services, messaging
AWS SQS;aws, amazon web services, queue
AWS Step Functions;aws, amazon web services, serverless
AWS TransitGateway;aws, amazon web services, networking
AWS Trusted Advisor;aws, amazon web services
AWS VPC;aws, amazon web services, networking
AWS VPC Flow Logs;aws, amazon web services, networking, logs, logging
AWS WAF;aws, amazon web services, networking
AWS X-Ray;aws, amazon web services, tracing
Azure API Management;azure, api
Azure App Service;azure, web
Azure Containers;azure, containers
Azure Cosmos DB;azure, database
Azure Cost Management;azure
Azure DataFactories;azure
Azure Event Hubs;azure
Azure Express Route;azure, networking
Azure Front Door;azure, networking
Azure Functions;azure, serverless
Azure Load Balancer;azure, load balancer
Azure Logic Apps;azure
Azure Machine Learning Services;azure
Azure MariaDB;azure, database
Azure MySQL;azure, database
Azure PostgreSQL;azure, database
Azure Power BI Dedicated capacities;azure
Azure Redis Cache;azure, database
Azure Service Bus;azure, messaging
Azure SQL Database;azure, database
Azure SQL Managed Instances;azure, database
Azure Storage;azure, storage
Azure Virtual Machine Scale Sets;azure
Azure Virtual Network;azure, networking
Azure VMs;azure
Azure VPN Gateways;azure, networking
Blameless;
bottle;apm, python
Browser;browser agent
Bunny;apm, ruby
C;apm, language agent
C++;apm
CakePHP;apm, php
Cassandra;infrastructure, database
celery;apm, python
CentOS;os, operating system
Chef;automation, devops, sre
cherrypy;apm, python
CloudAMQP;queue
CloudFoundry;containers
CodeIgniter;apm, php
ColdFusion;apm, java
Collectd;open source monitoring
Consul;infrastructure, kubernetes
Cordova;android, ios, mobile
Couchbase;infrastructure, database
CSLA .NET;apm, .net
Curb;apm, ruby
CXF;apm, java
Dalli;apm, ruby
Datastax Cassandra;infrastructure, database
Debian;os, operating system
Delayed_Job;apm, ruby
Derby;apm, java, database
django;apm, django
DNN Community;apm, .net, cms, content management system
DNN Evoq;apm, .net, cms, content management system
Docker;containers
dropbox;apm, python
Dropwizard;open source monitoring
Dropwizard Metrics Reporter;
Drupal;apm, php, cms, content management system
Echo;apm, golang
EJB Session Beans;apm, java
Elasticsearch;infrastructure, database
Episerver CMS;apm, .net, cms, content management system
Excon;apm, ruby
Express;apm, node.js
F5;infrastructure, load balancer
facepy;apm, python
Falcon;apm, python
feedparser;apm, python
flask;apm, python
Fluent Bit plugin for Logs;logs, logging
Fluentd plugin for Logs;logs, logging
FubuMVC;apm, .net
Full Story;
GCP Cloud Run;gcp, google cloud platform, containers
GCP Dataflow;gcp, google cloud platform
GCP Dataproc;gcp, google cloud platform
GCP Datastore;gcp, google cloud platform, database
GCP Dedicated Interconnect;gcp, google cloud platform, networking
GCP Firebase Database;gcp, google cloud platform
GCP Firebase Hosting;gcp, google cloud platform
GCP Firebase Storage;gcp, google cloud platform
GCP Firestore;gcp, google cloud platform, database
GCP Router;gcp, google cloud platform, networking
GCP VPC;gcp, google cloud platform, networking
Gearman;apm, python
Generic JDBC;apm, java, database
gevent;apm, python
Gin;apm, golang
Glassfish;apm, java
Go Insights;apm, golang
Golang;apm, golang, language agent
Google App Engine;gcp, google cloud platform
Google BigQuery;gcp, google cloud platform, database
Google Cloud Functions;gcp, google cloud platform, serverless
Google Cloud Spanner;gcp, google cloud platform, database
Google Cloud SQL;gcp, google cloud platform, database
Google Cloud Storage;gcp, google cloud platform, storage
Google Compute Engine;gcp, google cloud platform
Google Kubernetes Engine;kubernetes, containers
Google Load Balancing;gcp, google cloud platform, load balancer, networking
Google Pub Sub;gcp, google cloud platform, queue
Grails;apm, java
Grape;apm, ruby
gRPC;apm, java
Guzzle;apm, php
H2;apm, java, database
Hapi;api, apm, node.js
Haproxy;infrastructure, load balancer
Hibernate;apm, java, database
HSQL;apm, java, database
HttpClient;apm, ruby
httplib2;apm, python
HttpRb;apm, ruby
HTTPRouter;apm, golang
Hystrix;apm, java
IBM DB2;apm, java, database
IIS;apm, .net
Inet Merlia;apm, java
Inet Oracle Driver (oranxo);apm, java
Informix;
iOS;mobile, mobile agent
Istio;kubernetes
Java;apm, java, language agent
JAX-RS;apm, java
Jayrock;apm, java
JCache API;apm, java
Jersey;apm, java
Jetty;apm, java, server
jinja2;apm, python
JMS;apm, java
JMX;java, open source monitoring
Joomla;apm, php, cms, content management system
JSF;apm, java
JSP;apm, java
Kafka;infrastructure, java
Kamon;open source monitoring
Koa;apm, node.js
Kohana;apm, php
Kubernetes;kubernetes, containers
Kubernetes plugin for Logs;kubernetes, logs, logging
Lacework;security
Lambda-go (aws-lambda-go);apm, golang, serverless
Laravel;apm, php
LaunchDarkly;testing
Lighthouse;
Linux;os, operating system
Logrus;apm, golang, logs, logging
Logstash plugin for Logs;logs, logging
Logxi;apm, golang, logs, logging
Magento;apm, php, cms, content management system
mako;apm, python
MariaDB;infrastructure, database
MediaWiki;apm, php, cms, content management system
Memcached;infrastructure, database
Micro;apm, golang
Micrometer;open source monitoring
MongoDB;infrastructure, database
MonoRail;apm, .net
MSMQ;apm, .net, queue
MSSQL;infrastructure, database
Mule ESB;apm, java
Mux;apm, golang
MySQL;infrastructure, database
Nagios;infrastructure, open source monitoring
NancyFX;apm, .net
NATS;apm, golang, messaging
Net::HTTP;apm, ruby
Netty;apm, java
New Relic Micrometer Registry;
NFS;
NGINX;infrastructure, web
Node.js;apm, node.js, language agent
NServiceBus;apm, .net, messaging
OC4J;apm, java
ODBC;apm, php, database
OKHTTP;mobile, android
OpenCensus;tracing, open source monitoring
OpenRasta;apm, .net
OpenTelemetry;open source monitoring
OpenTelemetry Java Exporter;java
Oracle;infrastructure, database
OurSQL;apm, python, database
Padrino;apm, ruby
Pagerduty;
Passenger;apm, ruby
PDO;apm, php, database
PerfMon;windows
PHP;apm, php, language agent
PHPunit;apm, php, testing
Pika;apm, python
piston;apm, python
Pivotal Tracker;
Pkg Errors;apm, golang
Play;apm, java
Play WS;apm, java
Port monitoring;infrastructure, networking
Postgres;infrastructure, database
Predis;database
Proboscis;apm, python
Prometheus;open source monitoring
Psycopg2;apm, python
Puma;apm, ruby
Puppet;automation
PyElasticSearch;apm, python
pylibmc;apm, python
pylons;apm, python
PyMongo;apm, python, database
pyramid;apm, python
PySQLite;apm, python, database
Python;apm, python, language agent
pywapi;apm, python
Quantum Metric;
Quartz Job Scheduler;apm, java
RabbitMQ;infrastructure, messaging, queue
Rack;apm, ruby
Rails;apm, ruby
Rainbows!;apm, ruby
Rake;apm, ruby
React Native;mobile
Red Hat Enterprise Linux;os, operating system
Red Hat OpenShift;kubernetes, containers
Redis;infrastructure, database
Resin;apm, java
Resque;apm, ruby
RESTeasy;apm, java
Restify;apm, node.js
RestSharp;apm, .net
Roku;
Ruby;apm, ruby, language agent
Sanic;apm, python
Scala;apm, java
Sequel;apm, ruby, database
ServiceStack;apm, .net
Sidekiq;apm, ruby
SIGNL4;
Silex;apm, python
Silverlight;apm, .net
Sinatra;apm, ruby
Slack;
Slick;apm, java
Slim;apm, php
SNMP;infrastructure, networking, open source monitoring
Solr;apm, java
Split;testing
Spray-can;apm, java
Spring;apm, java
Spring-JMS;apm, java
Spring.net;apm, .net
SpyMemcached;apm, java
SQLite;apm, php, database
StatsD;open source monitoring
Struts;apm, java
Sunspot;apm, ruby
SUSE Linux Enterprise Server;os, operating system
Sybase;
Symfony;apm, php
Synthetics;synthetics
tastypie;apm, python
Thin;apm, ruby
Thrift;apm, java
Tomcat;apm, java
TomEE;apm, java
tornado;apm, python
tvOS;mobile
twisted;apm, python
Typhoeus;apm, ruby
Ubuntu;os, operating system
Umbraco;apm, .net, cms, content management system
Unicorn;apm, ruby
Unix;os, operating system
urllib;apm, python
urllib2;apm, python
urllib3;apm, python
Varnish;infrastructure, load balancer
Vert.x;apm, java
VictorOps;
VMware ESXi;infrastructure
VMWare Tanzu;infrastructure
web2py;apm, python
WebLogic;apm, java
webpy;apm, python
Webrick;apm, ruby
WebSphere;apm, java
Websphere Liberty Profile;apm, java
WildFly;apm, java
Windows;os, operating system
Windows event log;logs, logging, windows
WordPress;apm, php, cms, content management system
xMatters;
Yii;apm, php
Zap;apm, golang
Zipkin;tracing, apm